State,Model,MAE,RMSE,Forecast
WA,ARIMA,1683.5581786878909,1683.5581786878909,1905.5581786878909
WA,ARIMAX,0.5490942563882015,0.5490942563882015,222.5490942563882
